followup-coldcall,8
demo-coldcall,6
coldcall-email-email,2
email-followup,9
email-mailer,4
mailer-coldcall,10
coldcall-mailer,7
email-email-mailer,1
coldcall-mailer-followup-mailer,1
coldcall-email-coldcall,2
coldcall-mailer-demo-mailer,1
coldcall-email,10
coldcall-followup,11
mailer-demo-demo,1
coldcall-coldcall-coldcall,2
demo-mailer-followup,1
coldcall-followup-email-coldcall-coldcall,1
demo-followup-email,1
email-demo-coldcall,3
email-demo,9
coldcall-coldcall-email-coldcall,1
coldcall-demo,5
demo-mailer-demo,1
mailer-followup,2
mailer-demo-mailer,1
followup-followup,2
mailer-email,5
demo-followup,2
mailer-demo-demo-followup-demo,1
coldcall-coldcall,12
mailer-coldcall-email-mailer-coldcall,1
followup-mailer,7
demo-demo,3
mailer-mailer-coldcall,1
coldcall-coldcall-mailer,3
coldcall-followup-email,3
coldcall-mailer-demo-demo-coldcall,1
coldcall-followup-coldcall-followup-mailer,1
mailer-mailer,5
coldcall-email-mailer-email,1
coldcall-mailer-mailer,1
coldcall-mailer-coldcall,2
mailer-demo,5
coldcall-coldcall-coldcall-email,1
followup-email-demo,2
email-email,2
followup-followup-coldcall,1
coldcall-mailer-demo-coldcall,1
coldcall-coldcall-followup,1
mailer-email-mailer,2
coldcall-email-demo-coldcall,1
mailer-demo-mailer-email,1
email-mailer-coldcall,1
demo-email-mailer,1
mailer-mailer-coldcall-followup,1
mailer-coldcall-email,1
mailer-followup-mailer-coldcall-followup,1
followup-demo,3
demo-mailer,4
mailer-mailer-email,1
mailer-coldcall-email-demo,1
email-coldcall,7
email-coldcall-mailer-email-mailer,1
followup-mailer-demo-followup,1
mailer-mailer-mailer,1
email-email-coldcall,2
email-demo-demo-email,1
mailer-email-coldcall,1
mailer-followup-email,1
demo-followup-demo-mailer,1
mailer-followup-demo,1
coldcall-followup-coldcall-mailer-email,1
coldcall-coldcall-coldcall-demo,1
email-mailer-followup,1
demo-coldcall-demo-email,1
email-mailer-mailer,1
email-email-demo-email,1
followup-email-email-mailer,1
email-coldcall-email,1
coldcall-coldcall-coldcall-followup,1
email-followup-email-mailer,1
email-demo-mailer-mailer-mailer,1
email-email-email,1
email-email-demo,2
email-coldcall-coldcall-demo-followup,1
email-followup-demo,1
coldcall-followup-demo,1
coldcall-demo-coldcall,3
email-followup-mailer,2
email-demo-followup-mailer-demo,1
email-mailer-mailer-demo-email,1
email-mailer-demo-followup,1
email-followup-followup-mailer-demo,1
demo-demo-demo-email-followup,1
coldcall-coldcall-demo,1
demo-followup-followup,1
coldcall-email-demo-email,1
coldcall-mailer-coldcall-demo,1
demo-demo-mailer,1
demo-followup-email-email,1
email-demo-followup,1
coldcall-demo-mailer,1
coldcall-coldcall-email-coldcall-demo,1
followup-demo-followup-followup,1
email-coldcall-coldcall,1
demo-demo-email,1
coldcall-followup-followup-coldcall,1
